project_slug,buggy_commit_id,last_fix_commit_id
DSpace__DSpace_CVE-2016-10726_4.4,4de01c44482bc7ef0840bc148def041f9a734dbe,4239abd2dd2ae0dedd7edc95a5c9f264fdcf639d
perwendel__spark_CVE-2018-9159_2.7.1,99d7ddc4636b47892e0190ca170b6ecec70dec2f,030e9d00125cbd1ad759668f85488aba1019c668
perwendel__spark_CVE-2016-9177_2.5.1,c57e572f95de5752c5bf8e1e5de764aa50e4a0f6,efcb46c710e3f56805b9257a63d1306882f4faf9
wildfly__wildfly_CVE-2018-1047_11.0.0.Final,62583a78a850ba3fb182dda9b5ed35d99e016960,9ff55ed2da845a6f604b2edd1bc3bd311f1b776c
vert-x3__vertx-web_CVE-2018-12542_3.5.3.CR1,3fcb0036dc11f22ea232f61cfff31b29a6b6eca4,57a65dce6f4c5aa5e3ce7288685e7f3447eb8f3b
apache__camel_CVE-2018-8041_2.20.3,845847383df824d0ac06777c99321bfc55076ef8,4580e4d6c65cfd544c1791c824b5819477c583cc
dromara__hutool_CVE-2018-17297_4.1.11,949dd9bbb59e13a67e1fd6b296ccee1425ca2ba5,994a7a49bffec80400264065ed7e3f265a7d9dc9
apache__tika_CVE-2018-11762_1.18,525889a4f928d1d448c6aaf6b1ddc19081e07404,5c78eb78893fa077a4e58be4484eab4717667d52
square__retrofit_CVE-2018-1000850_2.4.0,5088b0df6f2c52fcead426dafbb04214225e0cc7,b9a7f6ad72073ddd40254c0058710e87a073047d
apache__jspwiki_CVE-2019-0225_2.11.0.M2,f140a2a4371735ad24d04a1d78c6e1d9ceaed76f,88d89d6523802c044cfcb7930cba40d8eeb21da2
apache__camel_CVE-2019-0194_2.21.4,2b0be4194ebc878641f7286b5381eb21511ca42f,5b64969d37cf2906efd4623cfd473041ce5132fd
asf__tapestry-5_CVE-2019-0207_5.4.4,cdcf49c0a2b36ffc7a004d54405bb4357870c4b2,6dd7219fd4707467a36091e2f7f5f6460c619099
spring-cloud__spring-cloud-config_CVE-2020-5410_2.1.8.RELEASE,8c43d358d45431d3fb5d4eddd25f6d8196b05654,03eaadc25323d8c8c89f528e8585033ed90c50f6
spring-cloud__spring-cloud-config_CVE-2020-5405_2.1.6.RELEASE,4d6cf75452612ee05cb95c8fcb935a19b5ce7bf1,651f458919c40ef9a5e93e7d76bf98575910fad0
apache__rocketmq_CVE-2019-17572_4.6.0,3d778ef625d6fd975ac710973b0fdfe4e58f7936,f8f6fbe4aa7f5dee937e688322628c366b12a552
joniles__mpxj_CVE-2020-35460_8.3.4,1eed5f01ac8e49b433e0538bdc079caeda7d6fd7,8eaf4225048ea5ba7e59ef4556dab2098fcc4a1d
apache__flink_CVE-2020-17519_1.11.2,7fed9f0243aaf80d0060f075b95ba46b3207c8a8,b561010b0ee741543c3953306037f00d7a9f0801
kubernetes-client__java_CVE-2020-8570_client-java-parent-9.0.1,eb0f07895e2c9cc2581a74ae06a0da537d14a02c,858316ae8bc1145005a0310e1f65f95d2389a589
asf__commons-io_CVE-2021-29425_2.6,f5de47f2fda3bb8a3fd2daf06b431282f40e3fa8,fe7543eee5cd4b2f9e78aa44c31031b68eba204d
asf__karaf_CVE-2022-22932_4.3.5,72e63a93f860efdd24034131c2a32218051f0260,36a2bc4
asf__james-project_CVE-2022-22931_3.6.0,7e2f40a7231933feb0d6e18999d7493d12d2fd13,8f9512637d374ccdf84d61617a2878557bf07532
vert-x3__vertx-web_CVE-2019-17640_3.9.3,03902fbb6d09c3c1e1c5b0626f2294300872af86,b12f7c4c6576a8adc3f683b2899de4b0e7d099e4
ESAPI__esapi-java-legacy_CVE-2022-23457_2.2.3.1,657c2a751c0b8dbd70b8da1bba246d86f7ad3b20,a0d67b75593878b1b6e39e2acc1773b3effedb2a
xwiki__xwiki-commons_CVE-2022-24897_12.6.6,75aadf3257c57c6ab62f7441b66f3cf3abddfdde,215951cfb0f808d0bf5b1097c9e7d1e503449ab8
srikanth-lingala__zip4j_CVE-2018-1002202_1.3.2,65db4eec6ccd450ff0c630bf0ff372254655c6b3,3f15884e338fd2490bb9ee710cf0828aca55d285
apache__myfaces_CVE-2011-4367_2.0.11,32f9315aa2a2c0f25d6aed7c1af85bf40efa7ccf,b9b2e00bb53d3eb435256c5a140b83f7d6251b55
undertow-io__undertow_CVE-2014-7816_1.0.16.Final,1f44172ba94c4cb9d20b97a79e63001163d37f51,28f244e63f558ba99a197813cfd5eee461b52b4c
jeremylong__DependencyCheck_CVE-2018-12036_3.1.2,c5418506af1fe3a4f5d18752e272e783a46386f8,c106ca919aa343b95cca0ffff0a0b5dc20b2baf7
codehaus-plexus__plexus-archiver_CVE-2018-1002200_3.5,97c0d97504632a2a80b7d847bccdd9b37d27aea1,f8f4233508193b70df33759ae9dc6154d69c2ea8
zeroturnaround__zt-zip_CVE-2018-1002201_1.12,d1c40776d2ff18550d95db2609d3d154692dea93,759b72f33bc8f4d69f84f09fcb7f010ad45d6fff
whitesource__curekit_CVE-2022-23082_1.1.3,d6ac3c382cb9d0b7a9f164eb3db1811d51f47c7c,af35e870ed09411d2f1fae6db1b04598cd1a31b6
aws__aws-sdk-java_CVE-2022-31159_1.12.260,685134e62738c81362ef1cb4686b29583c15a582,cb66c50c885566d9a7fce837a68dc48ddced8a9a
jlangch__venice_CVE-2022-36007_1.10.16,c109778c75c56d553395eea74da81ef33e840e95,215ae91bb964013b0a2d70718a692832d561ae0a
DSpace__DSpace_CVE-2022-31195_5.10,73cdff26fdc40bb022e21dcfdeefebf28057cde7,56e76049185bbd87c994128a9d77735ad7af0199
payara__Payara_CVE-2022-37422_5.2022.2,a2e3ef2cd140e0db9996b78b13cd5b7b80075ca0,6490d4918c65ba6df8344424cb9b8ab583d90b1a
DSpace__DSpace_CVE-2022-31194_5.10,c89e493e517b424dea6175caba54e91d3847fc3a,d1dd7d23329ef055069759df15cfa200c8e3
diffplug__goomph_CVE-2022-26049_3.37.1,fe2083196f0d0a75885aea402baaa972254173d5,25f04f67ba62d9a14104bee13a0a0f2517afb8c8
apache__dolphinscheduler_CVE-2022-26884_2.0.5,adc223465b5b83a9446dfc809ae98cf4bbfaadce,9717da6c255414eaef1c9ac943b0eb8989c1a85d
apache__dolphinscheduler_CVE-2022-34662_2.0.9,7a4a21d0b1832fe173bfa371af9bf7baeddbb036,63f835715f8ca8bff79c0e7177ebfa5917ebb3bd
testng-team__testng_CVE-2022-4065_7.5,1b978d4216f22a2efe037bb37fd5c7d5cb5ab629,9150736cd2c123a6a3b60e6193630859f9f0422b
apache__uima-uimaj_CVE-2022-32287_3.3.0,a13bdf64f46b56117ca7056abbadba4888875fc9,1088f615154b385dd163965b8d2ef78e87111ab1
keycloak__keycloak_CVE-2022-3782_20.0.1,10813dbbff026ccfab48090b1abf26f13cbfa81a,da8d61616399d5c4e4c470c16dd6b0bd98f2b656
eclipse-ee4j__glassfish_CVE-2022-2712_6.2.5,877da9d05c4f2a0c90b3c243832b528c4ccefc28,6982a7ca7e7fb9f02276dc12ab61832daf4002bd
hapifhir__org.hl7.fhir.core_CVE-2023-24057_5.6.91,b5da39ffe896e4ce5ea83ad96e1145bb909bb3d9,b50aec59124416b7315a49220cfc3999223414cc
hapifhir__org.hl7.fhir.core_CVE-2023-28465_5.6.105,f49eee623b638792209087326ac233de277c37d4,909f7e64fea6532a00b3eb8904bf620fc3cae6d1
Graylog2__graylog2-server_CVE-2023-41044_5.1.2,ff90f3e2aa4ae2e0bb613d3236e52c40aa154b20,02b8792e6f4b829f0c1d87fcbf2d58b73458b938
apache__mina-sshd_CVE-2023-35887_2.9.2,237a9ba4e289f59f52cebab8e999b164a4b446fa,c20739b43aab0f7bf2ccad982a6cb37b9d5a8a0b
apache__shiro_CVE-2023-34478_1.11.0,2eac0dca4371c2717a71d3a6e8311435bdc7ad5c,c3ede3f94efb442acb0795714a022c2c121d1da0
codehaus-plexus__plexus-archiver_CVE-2023-37460_4.7.1,18a64852036bd6f0ebc880eb16563d8f08b0bc37,54759839fbdf85caf8442076f001d5fd64e0dcb2
codehaus-plexus__plexus-utils_CVE-2022-4244_3.0.23,f933e5e78dc2637e485447ed821fe14904f110de,33a2853df8185b4519b1b8bfae284f03392618ef
yamcs__yamcs_CVE-2023-45278_5.8.6,0b757628656776c195bd9ed3c399038e7bef9a10,b6db35e432e62fdff0447cf513369f0b8a848abf
yamcs__yamcs_CVE-2023-45277_5.8.6,0b757628656776c195bd9ed3c399038e7bef9a10,b6db35e432e62fdff0447cf513369f0b8a848abf
apache__shiro_CVE-2023-46749_1.12.0,44a2d87abfdaea1df9aebaea01007cd143d12c4c,8400d08d5eac0bc4fae99d28c5adc82dd8a86eda
apache__sling-org-apache-sling-servlets-resolver_CVE-2024-23673_2.10.0,31034b02287fbd1988689d50993eb62b0ea5432f,b54d4e6693e0bcd63a97a0328f4f065b8a81b75e
x-stream__xstream_CVE-2013-7285_1.4.6,64533f1fe2ece82398a1478edc2d30478fb7cd11,6344867dce6767af7d0fe34fb393271a6456672d
x-stream__xstream_CVE-2020-26217_1.4.14-java7,573fbafb06859ecb3a836bd6fe2afacfc5cdabcc,0fec095d534126931c99fd38e9c6d41f5c685c1a
x-stream__xstream_CVE-2021-21345_1.4.15,d3c679a2cca689a0113c3bf011a74ad79b85c4f3,d5e51177634afea7213b9dc2d21f101d2e258db9
jenkinsci__docker-commons-plugin_CVE-2022-20617_1.17,7078a70448719715ae2c91b6a7fd718de76cf5a2,c069b79c31c5aa80a01b0c462f0dc6b41751f059
jenkinsci__workflow-cps-plugin_CVE-2022-25173_2646.v6ed3b5b01ff1,886676efdd711e126307ec70a539f2fe613151f9,f7ae7b75a457976853539bff1db52373b85fdb85
jenkinsci__workflow-cps-global-lib-plugin_CVE-2022-25174_544.vff04fa68714d,d1912e98fa56b77ef495beee79e3f27f0c8f4026,ace0de3c2d691662021ea10306eeb407da6b6365
jenkinsci__workflow-multibranch-plugin_CVE-2022-25175_706.vd43c65dec013,d43c65dec013812b084fecbb4a310d856eb6b89a,71c3f0a6ccdb2ba43f43686826b0d62160df85e8
apache__activemq_CVE-2014-3576_5.10.2,f62f47b92d8c8d60fc9cd0f796b80eacc50c4b4a,f07e6a53216f9388185ac2b39f366f3bfd6a8a55
codehaus-plexus__plexus-utils_CVE-2017-1000487_3.0.15,86c37983bb2bd92b1df43fe73f321ffbfa155070,b38a1b3a4352303e4312b2bb601a0d7ec6e28f41
jenkinsci__git-client-plugin_CVE-2019-10392_2.8.4,04d2c155d19a37ae28ffe2345e0e2ccd96556b07,899123fa2eb9dd2c37137aae630c47c6be6b4b02
jenkinsci__perfecto-plugin_CVE-2020-2261_1.17,60f9da8c6cdf06ef7824c5b35a63e3a21dda3110,52c09ad2e26416211e4009b095c4f16508b27b8a
apache__nifi_CVE-2022-33140_1.16.2,fe0ed03d4d5aa5399216c4cf8cede84236fbb4f7,a1306a19f78e11c2d809e9aef24336669461403a
jenkinsci__script-security-plugin_CVE-2023-24422_1228.vd93135a_2fb_25,d93135a2fb250c04cc361b0bb1efd809bc63ad08,4880bbe905a6783d80150c8b881d0127430d4a73
nahsra__antisamy_CVE-2016-10006_1.5.3,90550e42b39972fce0db4bcab0e1ce4359b94661,7313931dc3c0d1377b010f07faef2063dd359a36
nahsra__antisamy_CVE-2017-14735_1.5.6,82da009e733a989a57190cd6aa1b6824724f6d36^,82da009e733a989a57190cd6aa1b6824724f6d36
apache__jspwiki_CVE-2019-10077_2.11.0.M3,60a9cb84ce36a0392fa5a01afcf28c11857c2f9e,87c89f0405d6b31fc165358ce5d5bc4536e32a8a
apache__jspwiki_CVE-2019-10076_2.11.0.M3,7453019c2afdb03ebfe2d51c5f117b81b0b314f1,60a9cb84ce36a0392fa5a01afcf28c11857c2f9e
apache__jspwiki_CVE-2019-10078_2.11.0.M3,edff448e1b6f5fd35aea2d72f88e3c7a88741c0a,46cd981dfb431730da3f9249f5db858aacf11e52
apache__jspwiki_CVE-2019-10089_2.11.0.M4,08b7af26fb0f65a3beea6903e0e3595ec86f5e04,2956ccb307dd4b23b25c8ddeae8d7e7b301c6ff3
hibernate__hibernate-validator_CVE-2019-10219_6.0.17.Final,e718f8f053116a01f4a46e80a9caef051f0b2e5f,20d729548511ac5cff6fd459f93de137195420fe
asf__cxf_CVE-2019-17573_3.2.11,68dfb2274f5d3a580fc60c37eb9e177772284347,a02e96ba1095596bef481919f16a90c5e80a92c8
xuxueli__xxl-job_CVE-2020-29204_2.2.0,57702ec2abc051dd60416bce78e8224129c658c3,227628567354d3c156951009d683c6fec3006e0e
OWASP__json-sanitizer_CVE-2020-13973_1.2.0,305b0f235a831391b736c03eaefbd42b104c10ec,f3512bab078af3f5c533dacc2d410add8c0c1124
eclipse__hawkbit_CVE-2020-27219_0.3.0M6,8816396d18880d2020743ce2e83a08446449d0db,94b7c12cde1b38eda5414bd88d6d068008cfb9f9
alibaba__nacos_CVE-2021-44667_2.0.3,13032a253c225c21421b8a710b28c333dba12472,cd6d7e33b94f24814701f3faf8b632e5e85444c5
nahsra__antisamy_CVE-2022-28367_1.6.5,578d1f99b5a8d96cbeedef5970eee97fbeb23d27,0199e7e194dba5e7d7197703f43ebe22401e61ae
ESAPI__esapi-java-legacy_CVE-2022-24891_2.2.3.1,d41a3baeb119dd0b0435cfbd86385a5b8a65da3b,096aa60d6441fce4c632b36b36fdf5f53799c29a
nahsra__antisamy_CVE-2022-29577_1.6.6.1,b6e76de85a07549f2c97941437dd73430d7287a8,32e273507da0e964b58c50fd8a4c94c9d9363af0
rhuss__jolokia_CVE-2018-1000129_1.4.0,557c23edec6b1321fac9bf73239e6cadfda77a07,5895d5c137c335e6b473e9dcb9baf748851bbc5f
keycloak__keycloak_CVE-2014-3656_1.0.5.Final,ed895ce02d398dc0a1c87bf7a39965da6c8b82ff,63b41e2548cbc20bd3758e34a82d880e177bf24c
asf__cxf_CVE-2016-6812_3.0.11,51a2368c14840b5876efbbccf123fb8c8e040a7a,a30397b0
apache__sling-org-apache-sling-xss_CVE-2016-5394_1.0.8,9122ad5e1f4b03c8cec36416bb597dc67c3dad27,de32b144ad2be3367559f6184d560db42a220529
DSpace__DSpace_CVE-2022-31192_5.10,56e76049185bbd87c994128a9d77735ad7af0199,28eb8158210d41168a62ed5f9e044f754513bc37
keycloak__keycloak_CVE-2022-4137_20.0.4,fc3c61235fa30132123c17ed8702ff7b3a672fe9,30d0e9d22dae51392e5a3748a1c68c116667359a
keycloak__keycloak_CVE-2022-1274_20.0.4,4d0629dcf424d805857bec33214e8eb3c0cb781b,fc3c61235fa30132123c17ed8702ff7b3a672fe9
xwiki__xwiki-commons_CVE-2023-29201_14.6,67aeae54995f939142d28ca6e9403c9c1b01fe2c,b11eae9d82cb53f32962056b5faa73f3720c6182
xwiki__xwiki-commons_CVE-2023-29528_14.9-rc-1,a2f20a6ed4b2ae2aaf206d455d5719637dc9c7ee,8ff1a9d7e5d7b45b690134a537d53dc05cae04ab
xwiki__xwiki-rendering_CVE-2023-32070_14.6,40e5d9534e9c5af62ef27f7d2bc8ca9ca3539e8f,c40e2f5f9482ec6c3e71dbf1fff5ba8a5e44cdc1
xwiki__xwiki-commons_CVE-2023-31126_14.10.3,8c82fc6ff997fca7e2b524f3a125fef7ec6c987c,0b8e9c45b7e7457043938f35265b2aa5adc76a68
apache__jspwiki_CVE-2022-46907_2.11.3,663347128a3a51be088233d10dc17b7b4fc662fc,75019d337f1d0033b1f65428e75f43baeffd99dd
keycloak__keycloak_CVE-2022-4361_21.1.1,04e6244c387a1bde86184635a0049537611e3915,a1cfe6e24e5b34792699a00b8b4a8016a5929e3a
xwiki__xwiki-commons_CVE-2023-36471_14.10.5,55d83c9fadfa1aebaa03507af3444f8ea17807c7,99484d48e899a68a1b6e33d457825b776c6fe8c3
jstachio__jstachio_CVE-2023-33962_1.0.0,f8ce4dba4b2ef9f8d6c78c5642a9ec3e10f7033f,7b2f78377d1284df14c580be762a25af5f8dcd66
xwiki__xwiki-rendering_CVE-2023-37908_14.10.3,9a3d99cf52d63f4e0039bab2874e30fe7354a83a,f4d5acac451dccaf276e69f0b49b72221eef5d2f
SpringSource__spring-security-oauth_CVE-2018-1260_2.3.2.RELEASE,f9414d549b5341bcac1475e0b5527511444640dc,70e5ba84ca98b7ab42c1900bdd9fa51b393d611f
apache__activemq_CVE-2019-0222_5.15.8,83d9bd827a6116820d21ad141c1a5b1e4c2a8476,f78c0962ffb46fae3397eed6b7ec1e6e15045031
jmrozanec__cron-utils_CVE-2021-41269_9.1.5,6f91560a98406c8459a4c7903e10e805fa7c00e4,cfd2880f80e62ea74b92fa83474c2aabdb9899da
apache__struts_CVE-2020-17530_2.5.25,482af41673a3883e904ea72391a5b4a03cbd5d94,45667346629455f7ea125bff36bf9b763b7e8463
apache__activemq_CVE-2020-11998_5.15.12,82f3658ce188090f25152b6ad0d4f99450040693,0d6e5f2
spring-projects__spring-framework_CVE-2022-22965_5.2.19.RELEASE,1627f57f1f77abe17dd607c75476b9e4cb22ffbb,002546b3e4b8d791ea6acccb81eb3168f51abb15
spring-cloud__spring-cloud-gateway_CVE-2022-22947_3.0.6,bec3dc0e689a72e46e9303c90b77b07ff282de2c,1b868d2159e8fb71c22d583e424ae699f90532e3
apache__dubbo_CVE-2021-30180_2.7.9,753b68e9bb39fad3db01d56ee92c065229af2f5a,041f8bb0a98a912bd363560d5a2339198dcf79a5
apache__incubator-dubbo_CVE-2021-30181_2.6.8,4d5158fcef4e446eb1c0de00f5a3aa4847d8de26,9b7575aa1c949959c86d29c47625575b58a9dfa9
spring-projects__spring-security_CVE-2011-2732_2.0.6.RELEASE,887e3361d28e2c31c0068b5b52f376b8d559fc66,a087e828a63edf0932e4eecf174cf816cbe6a58a
fabric8io__kubernetes-client_CVE-2021-4178_5.0.2,1d1b3d404836871c4d0fc0a35dafe5d40369b519,445103004d1ed3153d5abb272473451d05891e39
asf__commons-text_CVE-2022-42889_1.9,1c0340694871183baf6e55376dd85c260e810bb0,b9b40b903e2d1f9935039803c9852439576780ea
ff4j__ff4j_CVE-2022-44262_1.8.13,01672a1657bdfe61acdbbe75fec0c694c7c94ace,62d03140f3bfbd380d0f4b4e5a94dcb8baa9d9c6
codecentric__spring-boot-admin_CVE-2022-46166_2.6.9,650db9e89d80f54b41ebd18f8c27389e8741516d,c14c3ec12533f71f84de9ce3ce5ceb7991975f75
xerial__sqlite-jdbc_CVE-2023-32697_3.41.2.1,0c5a645ec184725a2e81693c7c72049198b271be,edb4b8adc2447bc04e05b9b908195a4bc7926242
asf__nifi_CVE-2023-34468_1.21.0,d956ede743342adea50ff31c17ea046c8fdd8bd4,4faf3ea59895e7e153db3f8f61147ff70a254361
apache__rocketmq_CVE-2023-37582_4.9.6,c68fb8f1b9ee1a7b69e087a101bf1783e2b8140b,fb1c67d536c95ec7bd5904e61b9d97c4c2ee5a3d
asf__nifi_CVE-2023-36542_1.22.0,2052f15c79615c4203ac7dcd0b2d8aece93038fd,532578799c
apache__rocketmq_CVE-2023-33246_5.1.0,5dc2e20efc9866f0f9d4f242d41ad4b4cfc65644,9d411cf04a695e7a3f41036e8377b0aa544d754d
apache__dolphinscheduler_CVE-2023-51770_3.2.0,6c1e001edfc088d371426955d46d74f9bfbf7576,309c8c97a9b9003244496dedc7861a5026f9441a
apache__dolphinscheduler_CVE-2023-49109_3.2.0,8665951981b48fad051fe7457af5fddf8e61de87,8c01fcf14b199e2c1ba86c17351e1ea30614f484
